tconst,URL,Pais
tt0076759,https://www.imdb.com/title/tt0076759/,United States
tt0111161,https://www.imdb.com/title/tt0111161/,United States
tt1375666,https://www.imdb.com/title/tt1375666/,United States
tt0086190,https://www.imdb.com/title/tt0086190/,United States
tt0080684,https://www.imdb.com/title/tt0080684/,United States
tt0167260,https://www.imdb.com/title/tt0167260/,United States
tt0102926,https://www.imdb.com/title/tt0102926/,United States
tt0105236,https://www.imdb.com/title/tt0105236/,United States
tt0137523,https://www.imdb.com/title/tt0137523/,United States
tt0120737,https://www.imdb.com/title/tt0120737/,United States
tt0110912,https://www.imdb.com/title/tt0110912/,United States
tt0167261,https://www.imdb.com/title/tt0167261/,United States
tt0482571,https://www.imdb.com/title/tt0482571/,United States
tt1504320,https://www.imdb.com/title/tt1504320/,United States
tt0068646,https://www.imdb.com/title/tt0068646/,United States
tt0468569,https://www.imdb.com/title/tt0468569/,United States
tt0050083,https://www.imdb.com/title/tt0050083/,United States
tt0108052,https://www.imdb.com/title/tt0108052/,United States
tt0073486,https://www.imdb.com/title/tt0073486/,United States
tt0099685,https://www.imdb.com/title/tt0099685/,United States
tt0109830,https://www.imdb.com/title/tt0109830/,United States
tt0114369,https://www.imdb.com/title/tt0114369/,United States
tt0064116,https://www.imdb.com/title/tt0064116/,United States
tt0114814,https://www.imdb.com/title/tt0114814/,United States
tt0034583,https://www.imdb.com/title/tt0034583/,United States
tt0047396,https://www.imdb.com/title/tt0047396/,United States
tt0054215,https://www.imdb.com/title/tt0054215/,United States
tt0120586,https://www.imdb.com/title/tt0120586/,United States
tt0027977,https://www.imdb.com/title/tt0027977/,United States
tt1345836,https://www.imdb.com/title/tt1345836/,United States
tt1853728,https://www.imdb.com/title/tt1853728/,United States
tt0169547,https://www.imdb.com/title/tt0169547/,United States
tt0032553,https://www.imdb.com/title/tt0032553/,United States
tt0071562,https://www.imdb.com/title/tt0071562/,United States
tt0407887,https://www.imdb.com/title/tt0407887/,United States
tt4154756,https://www.imdb.com/title/tt4154756/,United States
tt7286456,https://www.imdb.com/title/tt7286456/,United States
tt4154796,https://www.imdb.com/title/tt4154796/,United States
tt0338013,https://www.imdb.com/title/tt0338013/,United States
tt0093058,https://www.imdb.com/title/tt0093058/,United States
tt0066921,https://www.imdb.com/title/tt0066921/,United States
tt0208092,https://www.imdb.com/title/tt0208092/,United States
tt0372784,https://www.imdb.com/title/tt0372784/,United States
tt0268978,https://www.imdb.com/title/tt0268978/,United States
tt1205489,https://www.imdb.com/title/tt1205489/,United States
tt2278388,https://www.imdb.com/title/tt2278388/,United States
tt2119532,https://www.imdb.com/title/tt2119532/,United States
tt0088847,https://www.imdb.com/title/tt0088847/,United States
tt0091042,https://www.imdb.com/title/tt0091042/,United States
tt0094291,https://www.imdb.com/title/tt0094291/,United States
tt1027718,https://www.imdb.com/title/tt1027718/,United States
tt0097351,https://www.imdb.com/title/tt0097351/,United States
tt0102059,https://www.imdb.com/title/tt0102059/,United States
tt0107144,https://www.imdb.com/title/tt0107144/,United States
tt0114746,https://www.imdb.com/title/tt0114746/,United States
tt0112641,https://www.imdb.com/title/tt0112641/,United States
tt0117665,https://www.imdb.com/title/tt0117665/,United States
tt0117887,https://www.imdb.com/title/tt0117887/,United States
tt0147612,https://www.imdb.com/title/tt0147612/,United States
tt0147800,https://www.imdb.com/title/tt0147800/,United States
tt0139134,https://www.imdb.com/title/tt0139134/,United States
tt3228774,https://www.imdb.com/title/tt3228774/,United States
tt0151804,https://www.imdb.com/title/tt0151804/,United States
tt0144084,https://www.imdb.com/title/tt0144084/,United States
tt0180093,https://www.imdb.com/title/tt0180093/,United States
tt0246578,https://www.imdb.com/title/tt0246578/,United States
tt0212985,https://www.imdb.com/title/tt0212985/,United States
tt0227984,https://www.imdb.com/title/tt0227984/,United States
tt0264464,https://www.imdb.com/title/tt0264464/,United States
tt7131622,https://www.imdb.com/title/tt7131622/,United States
tt0238380,https://www.imdb.com/title/tt0238380/,United States
tt0116282,https://www.imdb.com/title/tt0116282/,United States
tt0121766,https://www.imdb.com/title/tt0121766/,United States
tt0120915,https://www.imdb.com/title/tt0120915/,United States
tt0121765,https://www.imdb.com/title/tt0121765/,United States
tt0947798,https://www.imdb.com/title/tt0947798/,United States
tt0327056,https://www.imdb.com/title/tt0327056/,United States
tt0758758,https://www.imdb.com/title/tt0758758/,United States
tt0302886,https://www.imdb.com/title/tt0302886/,United States
tt1229340,https://www.imdb.com/title/tt1229340/,United States
tt0357413,https://www.imdb.com/title/tt0357413/,United States
tt0361862,https://www.imdb.com/title/tt0361862/,United States
tt0385002,https://www.imdb.com/title/tt0385002/,United States
tt0416320,https://www.imdb.com/title/tt0416320/,United States
tt0848228,https://www.imdb.com/title/tt0848228/,United States
tt2584384,https://www.imdb.com/title/tt2584384/,United States
tt0414387,https://www.imdb.com/title/tt0414387/,United States
tt0401792,https://www.imdb.com/title/tt0401792/,United States
tt13143964,https://www.imdb.com/title/tt13143964/,United States
tt0443453,https://www.imdb.com/title/tt0443453/,United States
tt0443543,https://www.imdb.com/title/tt0443543/,United States
tt3315342,https://www.imdb.com/title/tt3315342/,United States
tt0765443,https://www.imdb.com/title/tt0765443/,United States
tt2582496,https://www.imdb.com/title/tt2582496/,United States
tt1877832,https://www.imdb.com/title/tt1877832/,United States
tt0477348,https://www.imdb.com/title/tt0477348/,United States
tt0833960,https://www.imdb.com/title/tt0833960/,United States
tt1032755,https://www.imdb.com/title/tt1032755/,United States
tt1022603,https://www.imdb.com/title/tt1022603/,United States
tt1270798,https://www.imdb.com/title/tt1270798/,United States
tt1276104,https://www.imdb.com/title/tt1276104/,United States
tt1152836,https://www.imdb.com/title/tt1152836/,United States
tt1321509,https://www.imdb.com/title/tt1321509/,United States
tt1179034,https://www.imdb.com/title/tt1179034/,United States
tt1403177,https://www.imdb.com/title/tt1403177/,United States
tt0800369,https://www.imdb.com/title/tt0800369/,United States
tt1055292,https://www.imdb.com/title/tt1055292/,United States
tt1800241,https://www.imdb.com/title/tt1800241/,United States
tt0443272,https://www.imdb.com/title/tt0443272/,United States
tt5052474,https://www.imdb.com/title/tt5052474/,United States
tt5463162,https://www.imdb.com/title/tt5463162/,United States
tt2395427,https://www.imdb.com/title/tt2395427/,United States
tt0458481,https://www.imdb.com/title/tt0458481/,United States
tt1409024,https://www.imdb.com/title/tt1409024/,United States
tt1403865,https://www.imdb.com/title/tt1403865/,United States
tt1596363,https://www.imdb.com/title/tt1596363/,United States
tt0985694,https://www.imdb.com/title/tt0985694/,United States
tt2002718,https://www.imdb.com/title/tt2002718/,United States
tt1130884,https://www.imdb.com/title/tt1130884/,United States
tt1440292,https://www.imdb.com/title/tt1440292/,United States
tt1037705,https://www.imdb.com/title/tt1037705/,United States
tt0964517,https://www.imdb.com/title/tt0964517/,United States
tt1637725,https://www.imdb.com/title/tt1637725/,United States
tt2637276,https://www.imdb.com/title/tt2637276/,United States
tt0918927,https://www.imdb.com/title/tt0918927/,United States
tt1458175,https://www.imdb.com/title/tt1458175/,United States
tt0458339,https://www.imdb.com/title/tt0458339/,United States
tt1843866,https://www.imdb.com/title/tt1843866/,United States
tt1219289,https://www.imdb.com/title/tt1219289/,United States
tt1486185,https://www.imdb.com/title/tt1486185/,United States
tt1318514,https://www.imdb.com/title/tt1318514/,United States
tt1212450,https://www.imdb.com/title/tt1212450/,United States
tt1291584,https://www.imdb.com/title/tt1291584/,United States
tt0810922,https://www.imdb.com/title/tt0810922/,United States
tt1645080,https://www.imdb.com/title/tt1645080/,United States
tt2179136,https://www.imdb.com/title/tt2179136/,United States
tt1045658,https://www.imdb.com/title/tt1045658/,United States
tt1951261,https://www.imdb.com/title/tt1951261/,United States
tt1790886,https://www.imdb.com/title/tt1790886/,United States
tt1605630,https://www.imdb.com/title/tt1605630/,United States
tt1645170,https://www.imdb.com/title/tt1645170/,United States
tt0903624,https://www.imdb.com/title/tt0903624/,United States
tt1170358,https://www.imdb.com/title/tt1170358/,United States
tt2310332,https://www.imdb.com/title/tt2310332/,United States
tt1596365,https://www.imdb.com/title/tt1596365/,United States
tt1840417,https://www.imdb.com/title/tt1840417/,United States
tt2229499,https://www.imdb.com/title/tt2229499/,United States
tt1321870,https://www.imdb.com/title/tt1321870/,United States
tt2975590,https://www.imdb.com/title/tt2975590/,United States
tt3063516,https://www.imdb.com/title/tt3063516/,United States
tt1937390,https://www.imdb.com/title/tt1937390/,United States
tt0770828,https://www.imdb.com/title/tt0770828/,United States
tt1979320,https://www.imdb.com/title/tt1979320/,United States
tt2103281,https://www.imdb.com/title/tt2103281/,United States
tt2488496,https://www.imdb.com/title/tt2488496/,United States
tt3397884,https://www.imdb.com/title/tt3397884/,United States
tt4172430,https://www.imdb.com/title/tt4172430/,United States
tt3748440,https://www.imdb.com/title/tt3748440/,United States
tt1431045,https://www.imdb.com/title/tt1431045/,United States
tt3748528,https://www.imdb.com/title/tt3748528/,United States
tt2527336,https://www.imdb.com/title/tt2527336/,United States
tt2562232,https://www.imdb.com/title/tt2562232/,United States
tt1306980,https://www.imdb.com/title/tt1306980/,United States
tt4943998,https://www.imdb.com/title/tt4943998/,United States
tt0993846,https://www.imdb.com/title/tt0993846/,United States
tt0361748,https://www.imdb.com/title/tt0361748/,United States
tt0133093,https://www.imdb.com/title/tt0133093/,United States
tt1343092,https://www.imdb.com/title/tt1343092/,United States
tt0840361,https://www.imdb.com/title/tt0840361/,United States
tt0181689,https://www.imdb.com/title/tt0181689/,United States
tt0790636,https://www.imdb.com/title/tt0790636/,United States
tt5516154,https://www.imdb.com/title/tt5516154/,United States
tt0118715,https://www.imdb.com/title/tt0118715/,United States
tt2699128,https://www.imdb.com/title/tt2699128/,United States
tt7984766,https://www.imdb.com/title/tt7984766/,United States
tt1670345,https://www.imdb.com/title/tt1670345/,United States
tt0265208,https://www.imdb.com/title/tt0265208/,United States
tt0480249,https://www.imdb.com/title/tt0480249/,United States
tt1119646,https://www.imdb.com/title/tt1119646/,United States
tt0469494,https://www.imdb.com/title/tt0469494/,United States
tt6412452,https://www.imdb.com/title/tt6412452/,United States
tt0453451,https://www.imdb.com/title/tt0453451/,United States
tt0330373,https://www.imdb.com/title/tt0330373/,United States
tt1201607,https://www.imdb.com/title/tt1201607/,United States
tt0295297,https://www.imdb.com/title/tt0295297/,United States
tt0926084,https://www.imdb.com/title/tt0926084/,United States
tt0417741,https://www.imdb.com/title/tt0417741/,United States
tt0373889,https://www.imdb.com/title/tt0373889/,United States
tt0090859,https://www.imdb.com/title/tt0090859/,United States
tt0241527,https://www.imdb.com/title/tt0241527/,United States
tt0800320,https://www.imdb.com/title/tt0800320/,United States
tt0104431,https://www.imdb.com/title/tt0104431/,United States
tt0074285,https://www.imdb.com/title/tt0074285/,United States
tt0120812,https://www.imdb.com/title/tt0120812/,United States
tt0187078,https://www.imdb.com/title/tt0187078/,United States
tt0330793,https://www.imdb.com/title/tt0330793/,United States
tt0317919,https://www.imdb.com/title/tt0317919/,United States
tt0257106,https://www.imdb.com/title/tt0257106/,United States
tt0172495,https://www.imdb.com/title/tt0172495/,United States
tt1268799,https://www.imdb.com/title/tt1268799/,United States
tt0283111,https://www.imdb.com/title/tt0283111/,United States
tt0366551,https://www.imdb.com/title/tt0366551/,United States
tt0481536,https://www.imdb.com/title/tt0481536/,United States
tt0356150,https://www.imdb.com/title/tt0356150/,United States
tt0421715,https://www.imdb.com/title/tt0421715/,United States
tt0232500,https://www.imdb.com/title/tt0232500/,United States
tt0110475,https://www.imdb.com/title/tt0110475/,United States
tt0365830,https://www.imdb.com/title/tt0365830/,United States
tt0083944,https://www.imdb.com/title/tt0083944/,United States
tt0245844,https://www.imdb.com/title/tt0245844/,United States
tt0316654,https://www.imdb.com/title/tt0316654/,United States
tt0121955,https://www.imdb.com/title/tt0121955/,United States
tt1833285,https://www.imdb.com/title/tt1833285/,United States
tt2243973,https://www.imdb.com/title/tt2243973/,United States
tt4061080,https://www.imdb.com/title/tt4061080/,United States
tt0080453,https://www.imdb.com/title/tt0080453/,United States
tt0252866,https://www.imdb.com/title/tt0252866/,United States
tt0163651,https://www.imdb.com/title/tt0163651/,United States
tt0120484,https://www.imdb.com/title/tt0120484/,United States
tt0328828,https://www.imdb.com/title/tt0328828/,United States
tt1636826,https://www.imdb.com/title/tt1636826/,United States
tt0343660,https://www.imdb.com/title/tt0343660/,United States
tt0109686,https://www.imdb.com/title/tt0109686/,United States
tt1488555,https://www.imdb.com/title/tt1488555/,United States
tt0175142,https://www.imdb.com/title/tt0175142/,United States
tt0486551,https://www.imdb.com/title/tt0486551/,United States
tt0381707,https://www.imdb.com/title/tt0381707/,United States
tt0120746,https://www.imdb.com/title/tt0120746/,United States
tt0362120,https://www.imdb.com/title/tt0362120/,United States
tt0396269,https://www.imdb.com/title/tt0396269/,United States
tt4925292,https://www.imdb.com/title/tt4925292/,United States
tt0829482,https://www.imdb.com/title/tt0829482/,United States
tt1245492,https://www.imdb.com/title/tt1245492/,United States
tt0405159,https://www.imdb.com/title/tt0405159/,United States
tt1160419,https://www.imdb.com/title/tt1160419/,United States
tt1068680,https://www.imdb.com/title/tt1068680/,United States
tt0162661,https://www.imdb.com/title/tt0162661/,United States
tt0099487,https://www.imdb.com/title/tt0099487/,United States
tt0118789,https://www.imdb.com/title/tt0118789/,United States
tt1333125,https://www.imdb.com/title/tt1333125/,United States
tt0377818,https://www.imdb.com/title/tt0377818/,United States
tt0111257,https://www.imdb.com/title/tt0111257/,United States
tt1134629,https://www.imdb.com/title/tt1134629/,United States
tt1073498,https://www.imdb.com/title/tt1073498/,United States
tt0332452,https://www.imdb.com/title/tt0332452/,United States
tt0087843,https://www.imdb.com/title/tt0087843/,United States
tt0145487,https://www.imdb.com/title/tt0145487/,United States
tt0118971,https://www.imdb.com/title/tt0118971/,United States
tt0120338,https://www.imdb.com/title/tt0120338/,United States
tt0110148,https://www.imdb.com/title/tt0110148/,United States
tt0367594,https://www.imdb.com/title/tt0367594/,United States
tt0398808,https://www.imdb.com/title/tt0398808/,United States
tt0362165,https://www.imdb.com/title/tt0362165/,United States
tt0290334,https://www.imdb.com/title/tt0290334/,United States
tt0110366,https://www.imdb.com/title/tt0110366/,United States
tt0382625,https://www.imdb.com/title/tt0382625/,United States
tt11138512,https://www.imdb.com/title/tt11138512/,United States
tt1877830,https://www.imdb.com/title/tt1877830/,United States
tt0242423,https://www.imdb.com/title/tt0242423/,United States
tt0075314,https://www.imdb.com/title/tt0075314/,United States
tt2283336,https://www.imdb.com/title/tt2283336/,United States
tt1981115,https://www.imdb.com/title/tt1981115/,United States
tt3501632,https://www.imdb.com/title/tt3501632/,United States
tt9419884,https://www.imdb.com/title/tt9419884/,United States
tt1131729,https://www.imdb.com/title/tt1131729/,United States
tt0120903,https://www.imdb.com/title/tt0120903/,United States
tt0473075,https://www.imdb.com/title/tt0473075/,United States
tt0120616,https://www.imdb.com/title/tt0120616/,United States
tt0086250,https://www.imdb.com/title/tt0086250/,United States
tt0167404,https://www.imdb.com/title/tt0167404/,United States
tt0120382,https://www.imdb.com/title/tt0120382/,United States
tt0110413,https://www.imdb.com/title/tt0110413/,United States
tt1253863,https://www.imdb.com/title/tt1253863/,United States
tt10648342,https://www.imdb.com/title/tt10648342/,United States
tt0861739,https://www.imdb.com/title/tt0861739/,United States
tt1610527,https://www.imdb.com/title/tt1610527/,United States
tt9606374,https://www.imdb.com/title/tt9606374/,United States
tt0335266,https://www.imdb.com/title/tt0335266/,United States
tt5516154,https://www.imdb.com/title/tt5516154/,United States
tt5516154,https://www.imdb.com/title/tt5516154/,United States
tt5516154,https://www.imdb.com/title/tt5516154/,United States
tt5516154,https://www.imdb.com/title/tt5516154/,United States
tt5516154,https://www.imdb.com/title/tt5516154/,United States
tt5516154,https://www.imdb.com/title/tt5516154/,United States
tt5516154,https://www.imdb.com/title/tt5516154/,United States
tt2699128,https://www.imdb.com/title/tt2699128/,United States
tt2699128,https://www.imdb.com/title/tt2699128/,United States
tt2699128,https://www.imdb.com/title/tt2699128/,United States
tt2699128,https://www.imdb.com/title/tt2699128/,United States
tt2699128,https://www.imdb.com/title/tt2699128/,United States
tt2699128,https://www.imdb.com/title/tt2699128/,United States
tt2699128,https://www.imdb.com/title/tt2699128/,United States
tt2699128,https://www.imdb.com/title/tt2699128/,United States
tt2699128,https://www.imdb.com/title/tt2699128/,United States
tt2699128,https://www.imdb.com/title/tt2699128/,United States
tt2699128,https://www.imdb.com/title/tt2699128/,United States
tt2699128,https://www.imdb.com/title/tt2699128/,United States
tt2699128,https://www.imdb.com/title/tt2699128/,United States
tt2699128,https://www.imdb.com/title/tt2699128/,United States
tt2699128,https://www.imdb.com/title/tt2699128/,United States
tt2699128,https://www.imdb.com/title/tt2699128/,United States
tt2699128,https://www.imdb.com/title/tt2699128/,United States
tt2699128,https://www.imdb.com/title/tt2699128/,United States
tt2699128,https://www.imdb.com/title/tt2699128/,United States
tt2699128,https://www.imdb.com/title/tt2699128/,United States
tt2699128,https://www.imdb.com/title/tt2699128/,United States
tt2699128,https://www.imdb.com/title/tt2699128/,United States
tt2699128,https://www.imdb.com/title/tt2699128/,United States
tt2699128,https://www.imdb.com/title/tt2699128/,United States
tt2699128,https://www.imdb.com/title/tt2699128/,United States
tt2699128,https://www.imdb.com/title/tt2699128/,United States
tt2699128,https://www.imdb.com/title/tt2699128/,United States
tt2699128,https://www.imdb.com/title/tt2699128/,United States
tt1833285,https://www.imdb.com/title/tt1833285/,United States
tt1833285,https://www.imdb.com/title/tt1833285/,United States
tt1833285,https://www.imdb.com/title/tt1833285/,United States
tt1833285,https://www.imdb.com/title/tt1833285/,United States
tt1833285,https://www.imdb.com/title/tt1833285/,United States
tt1833285,https://www.imdb.com/title/tt1833285/,United States
tt1833285,https://www.imdb.com/title/tt1833285/,United States
tt1833285,https://www.imdb.com/title/tt1833285/,United States
tt1833285,https://www.imdb.com/title/tt1833285/,United States
tt1833285,https://www.imdb.com/title/tt1833285/,United States
tt1833285,https://www.imdb.com/title/tt1833285/,United States
tt1833285,https://www.imdb.com/title/tt1833285/,United States
tt1833285,https://www.imdb.com/title/tt1833285/,United States
tt1833285,https://www.imdb.com/title/tt1833285/,United States
tt1833285,https://www.imdb.com/title/tt1833285/,United States
tt1833285,https://www.imdb.com/title/tt1833285/,United States
tt1833285,https://www.imdb.com/title/tt1833285/,United States
tt1833285,https://www.imdb.com/title/tt1833285/,United States
tt2243973,https://www.imdb.com/title/tt2243973/,United States
tt2243973,https://www.imdb.com/title/tt2243973/,United States
tt2243973,https://www.imdb.com/title/tt2243973/,United States
tt2243973,https://www.imdb.com/title/tt2243973/,United States
tt2243973,https://www.imdb.com/title/tt2243973/,United States
tt2243973,https://www.imdb.com/title/tt2243973/,United States
tt2243973,https://www.imdb.com/title/tt2243973/,United States
tt2243973,https://www.imdb.com/title/tt2243973/,United States
tt2243973,https://www.imdb.com/title/tt2243973/,United States
tt2243973,https://www.imdb.com/title/tt2243973/,United States
tt2243973,https://www.imdb.com/title/tt2243973/,United States
tt2243973,https://www.imdb.com/title/tt2243973/,United States
tt2243973,https://www.imdb.com/title/tt2243973/,United States
tt2243973,https://www.imdb.com/title/tt2243973/,United States
tt2243973,https://www.imdb.com/title/tt2243973/,United States
tt2243973,https://www.imdb.com/title/tt2243973/,United States
tt2243973,https://www.imdb.com/title/tt2243973/,United States
tt2243973,https://www.imdb.com/title/tt2243973/,United States
tt2243973,https://www.imdb.com/title/tt2243973/,United States
tt2243973,https://www.imdb.com/title/tt2243973/,United States
tt2243973,https://www.imdb.com/title/tt2243973/,United States
tt2243973,https://www.imdb.com/title/tt2243973/,United States
tt2243973,https://www.imdb.com/title/tt2243973/,United States
tt2243973,https://www.imdb.com/title/tt2243973/,United States
tt2243973,https://www.imdb.com/title/tt2243973/,United States
tt2243973,https://www.imdb.com/title/tt2243973/,United States
tt2243973,https://www.imdb.com/title/tt2243973/,United States
tt2243973,https://www.imdb.com/title/tt2243973/,United States
tt2243973,https://www.imdb.com/title/tt2243973/,United States
tt2243973,https://www.imdb.com/title/tt2243973/,United States
tt2243973,https://www.imdb.com/title/tt2243973/,United States
tt2243973,https://www.imdb.com/title/tt2243973/,United States
tt2243973,https://www.imdb.com/title/tt2243973/,United States
tt2243973,https://www.imdb.com/title/tt2243973/,United States
tt2243973,https://www.imdb.com/title/tt2243973/,United States
tt2243973,https://www.imdb.com/title/tt2243973/,United States
tt2243973,https://www.imdb.com/title/tt2243973/,United States
tt2243973,https://www.imdb.com/title/tt2243973/,United States
tt2243973,https://www.imdb.com/title/tt2243973/,United States
tt4061080,https://www.imdb.com/title/tt4061080/,United States
tt4061080,https://www.imdb.com/title/tt4061080/,United States
tt4061080,https://www.imdb.com/title/tt4061080/,United States
tt4061080,https://www.imdb.com/title/tt4061080/,United States
tt4061080,https://www.imdb.com/title/tt4061080/,United States
tt4061080,https://www.imdb.com/title/tt4061080/,United States
tt4061080,https://www.imdb.com/title/tt4061080/,United States
tt4061080,https://www.imdb.com/title/tt4061080/,United States
tt4061080,https://www.imdb.com/title/tt4061080/,United States
tt4061080,https://www.imdb.com/title/tt4061080/,United States
tt4061080,https://www.imdb.com/title/tt4061080/,United States
tt4061080,https://www.imdb.com/title/tt4061080/,United States
tt4061080,https://www.imdb.com/title/tt4061080/,United States
tt4061080,https://www.imdb.com/title/tt4061080/,United States
tt4061080,https://www.imdb.com/title/tt4061080/,United States
tt4061080,https://www.imdb.com/title/tt4061080/,United States
tt4061080,https://www.imdb.com/title/tt4061080/,United States
tt4061080,https://www.imdb.com/title/tt4061080/,United States
tt4061080,https://www.imdb.com/title/tt4061080/,United States
tt4061080,https://www.imdb.com/title/tt4061080/,United States
tt4061080,https://www.imdb.com/title/tt4061080/,United States
tt4061080,https://www.imdb.com/title/tt4061080/,United States
tt4061080,https://www.imdb.com/title/tt4061080/,United States
tt4061080,https://www.imdb.com/title/tt4061080/,United States
tt4061080,https://www.imdb.com/title/tt4061080/,United States
tt4061080,https://www.imdb.com/title/tt4061080/,United States
tt4061080,https://www.imdb.com/title/tt4061080/,United States
tt4061080,https://www.imdb.com/title/tt4061080/,United States
tt4061080,https://www.imdb.com/title/tt4061080/,United States
tt4061080,https://www.imdb.com/title/tt4061080/,United States
tt4061080,https://www.imdb.com/title/tt4061080/,United States
tt4061080,https://www.imdb.com/title/tt4061080/,United States
tt4061080,https://www.imdb.com/title/tt4061080/,United States
tt4061080,https://www.imdb.com/title/tt4061080/,United States
tt0079470,https://www.imdb.com/title/tt0079470/,United Kingdom
tt1375666,https://www.imdb.com/title/tt1375666/,United Kingdom
tt0482571,https://www.imdb.com/title/tt0482571/,United Kingdom
tt1504320,https://www.imdb.com/title/tt1504320/,United Kingdom
tt0468569,https://www.imdb.com/title/tt0468569/,United Kingdom
tt1345836,https://www.imdb.com/title/tt1345836/,United Kingdom
tt0093058,https://www.imdb.com/title/tt0093058/,United Kingdom
tt0066921,https://www.imdb.com/title/tt0066921/,United Kingdom
tt0208092,https://www.imdb.com/title/tt0208092/,United Kingdom
tt0372784,https://www.imdb.com/title/tt0372784/,United Kingdom
tt0117951,https://www.imdb.com/title/tt0117951/,United Kingdom
tt2119532,https://www.imdb.com/title/tt2119532/,United Kingdom
tt0120735,https://www.imdb.com/title/tt0120735/,United Kingdom
tt3228774,https://www.imdb.com/title/tt3228774/,United Kingdom
tt0212985,https://www.imdb.com/title/tt0212985/,United Kingdom
tt0227984,https://www.imdb.com/title/tt0227984/,United Kingdom
tt7131622,https://www.imdb.com/title/tt7131622/,United Kingdom
tt0116282,https://www.imdb.com/title/tt0116282/,United Kingdom
tt0361862,https://www.imdb.com/title/tt0361862/,United Kingdom
tt0385002,https://www.imdb.com/title/tt0385002/,United Kingdom
tt0416320,https://www.imdb.com/title/tt0416320/,United Kingdom
tt0414387,https://www.imdb.com/title/tt0414387/,United Kingdom
tt13143964,https://www.imdb.com/title/tt13143964/,United Kingdom
tt0443453,https://www.imdb.com/title/tt0443453/,United Kingdom
tt0460740,https://www.imdb.com/title/tt0460740/,United Kingdom
tt0765443,https://www.imdb.com/title/tt0765443/,United Kingdom
tt1877832,https://www.imdb.com/title/tt1877832/,United Kingdom
tt0833960,https://www.imdb.com/title/tt0833960/,United Kingdom
tt1032755,https://www.imdb.com/title/tt1032755/,United Kingdom
tt1270798,https://www.imdb.com/title/tt1270798/,United Kingdom
tt1179034,https://www.imdb.com/title/tt1179034/,United Kingdom
tt0985694,https://www.imdb.com/title/tt0985694/,United Kingdom
tt1440292,https://www.imdb.com/title/tt1440292/,United Kingdom
tt1318514,https://www.imdb.com/title/tt1318514/,United Kingdom
tt1596365,https://www.imdb.com/title/tt1596365/,United Kingdom
tt1937390,https://www.imdb.com/title/tt1937390/,United Kingdom
tt2382009,https://www.imdb.com/title/tt2382009/,United Kingdom
tt0770828,https://www.imdb.com/title/tt0770828/,United Kingdom
tt1979320,https://www.imdb.com/title/tt1979320/,United Kingdom
tt2103281,https://www.imdb.com/title/tt2103281/,United Kingdom
tt0470752,https://www.imdb.com/title/tt0470752/,United Kingdom
tt2763304,https://www.imdb.com/title/tt2763304/,United Kingdom
tt0118715,https://www.imdb.com/title/tt0118715/,United Kingdom
tt7984766,https://www.imdb.com/title/tt7984766/,United Kingdom
tt0453451,https://www.imdb.com/title/tt0453451/,United Kingdom
tt0330373,https://www.imdb.com/title/tt0330373/,United Kingdom
tt1201607,https://www.imdb.com/title/tt1201607/,United Kingdom
tt0295297,https://www.imdb.com/title/tt0295297/,United Kingdom
tt0926084,https://www.imdb.com/title/tt0926084/,United Kingdom
tt0417741,https://www.imdb.com/title/tt0417741/,United Kingdom
tt0373889,https://www.imdb.com/title/tt0373889/,United Kingdom
tt0241527,https://www.imdb.com/title/tt0241527/,United Kingdom
tt0800320,https://www.imdb.com/title/tt0800320/,United Kingdom
tt0172495,https://www.imdb.com/title/tt0172495/,United Kingdom
tt0245844,https://www.imdb.com/title/tt0245844/,United Kingdom
tt0066765,https://www.imdb.com/title/tt0066765/,United Kingdom
tt1068680,https://www.imdb.com/title/tt1068680/,United Kingdom
tt0162661,https://www.imdb.com/title/tt0162661/,United Kingdom
tt2720680,https://www.imdb.com/title/tt2720680/,United Kingdom
tt0332452,https://www.imdb.com/title/tt0332452/,United Kingdom
tt0071853,https://www.imdb.com/title/tt0071853/,United Kingdom
tt0367594,https://www.imdb.com/title/tt0367594/,United Kingdom
tt0382625,https://www.imdb.com/title/tt0382625/,United Kingdom
tt11138512,https://www.imdb.com/title/tt11138512/,United Kingdom
tt1131729,https://www.imdb.com/title/tt1131729/,United Kingdom
tt8267604,https://www.imdb.com/title/tt8267604/,United Kingdom
tt0167260,https://www.imdb.com/title/tt0167260/,New Zealand
tt0137523,https://www.imdb.com/title/tt0137523/,Germany
tt0120737,https://www.imdb.com/title/tt0120737/,New Zealand
tt0167261,https://www.imdb.com/title/tt0167261/,New Zealand
tt0064116,https://www.imdb.com/title/tt0064116/,Italy
tt0114814,https://www.imdb.com/title/tt0114814/,Germany
tt0407887,https://www.imdb.com/title/tt0407887/,Hong Kong
tt7286456,https://www.imdb.com/title/tt7286456/,Canada
tt2106476,https://www.imdb.com/title/tt2106476/,Denmark
tt2106476,https://www.imdb.com/title/tt2106476/,Sweden
tt0059578,https://www.imdb.com/title/tt0059578/,Italy
tt0059578,https://www.imdb.com/title/tt0059578/,Spain
tt0059578,https://www.imdb.com/title/tt0059578/,West Germany
tt1205489,https://www.imdb.com/title/tt1205489/,Germany
tt2278388,https://www.imdb.com/title/tt2278388/,Germany
tt2119532,https://www.imdb.com/title/tt2119532/,Australia
tt2119532,https://www.imdb.com/title/tt2119532/,China
tt0058461,https://www.imdb.com/title/tt0058461/,Italy
tt0058461,https://www.imdb.com/title/tt0058461/,Spain
tt0058461,https://www.imdb.com/title/tt0058461/,West Germany
tt0060196,https://www.imdb.com/title/tt0060196/,Italy
tt0060196,https://www.imdb.com/title/tt0060196/,Spain
tt0060196,https://www.imdb.com/title/tt0060196/,West Germany
tt0082176,https://www.imdb.com/title/tt0082176/,West Germany
tt0112641,https://www.imdb.com/title/tt0112641/,France
tt0144084,https://www.imdb.com/title/tt0144084/,Canada
tt0227984,https://www.imdb.com/title/tt0227984/,Canada
tt0264464,https://www.imdb.com/title/tt0264464/,Canada
tt7131622,https://www.imdb.com/title/tt7131622/,China
tt0121766,https://www.imdb.com/title/tt0121766/,Italy
tt0121766,https://www.imdb.com/title/tt0121766/,Switzerland
tt0121766,https://www.imdb.com/title/tt0121766/,Thailand
tt0327056,https://www.imdb.com/title/tt0327056/,Australia
tt0361862,https://www.imdb.com/title/tt0361862/,Spain
tt0361862,https://www.imdb.com/title/tt0361862/,France
tt0416320,https://www.imdb.com/title/tt0416320/,Luxembourg
tt2584384,https://www.imdb.com/title/tt2584384/,New Zealand
tt2584384,https://www.imdb.com/title/tt2584384/,Czech Republic
tt0414387,https://www.imdb.com/title/tt0414387/,France
tt13143964,https://www.imdb.com/title/tt13143964/,Romania
tt0443543,https://www.imdb.com/title/tt0443543/,Czech Republic
tt0765443,https://www.imdb.com/title/tt0765443/,Canada
tt1032755,https://www.imdb.com/title/tt1032755/,France
tt1276104,https://www.imdb.com/title/tt1276104/,China
tt1152836,https://www.imdb.com/title/tt1152836/,Japan
tt1179034,https://www.imdb.com/title/tt1179034/,France
tt1800241,https://www.imdb.com/title/tt1800241/,China
tt0443272,https://www.imdb.com/title/tt0443272/,India
tt5052474,https://www.imdb.com/title/tt5052474/,Mexico
tt1409024,https://www.imdb.com/title/tt1409024/,United Arab Emirates
tt0985694,https://www.imdb.com/title/tt0985694/,Germany
tt2002718,https://www.imdb.com/title/tt2002718/,Russia
tt1458175,https://www.imdb.com/title/tt1458175/,France
tt1486185,https://www.imdb.com/title/tt1486185/,Canada
tt1318514,https://www.imdb.com/title/tt1318514/,Canada
tt0810922,https://www.imdb.com/title/tt0810922/,Germany
tt0903624,https://www.imdb.com/title/tt0903624/,New Zealand
tt1170358,https://www.imdb.com/title/tt1170358/,New Zealand
tt2310332,https://www.imdb.com/title/tt2310332/,New Zealand
tt1596365,https://www.imdb.com/title/tt1596365/,Canada
tt1596365,https://www.imdb.com/title/tt1596365/,Sweden
tt1937390,https://www.imdb.com/title/tt1937390/,Denmark
tt1937390,https://www.imdb.com/title/tt1937390/,Germany
tt1937390,https://www.imdb.com/title/tt1937390/,Belgium
tt1937390,https://www.imdb.com/title/tt1937390/,France
tt1937390,https://www.imdb.com/title/tt1937390/,Sweden
tt2382009,https://www.imdb.com/title/tt2382009/,Denmark
tt2382009,https://www.imdb.com/title/tt2382009/,Germany
tt2382009,https://www.imdb.com/title/tt2382009/,Belgium
tt2382009,https://www.imdb.com/title/tt2382009/,France
tt2382009,https://www.imdb.com/title/tt2382009/,Sweden
tt2103281,https://www.imdb.com/title/tt2103281/,Canada
tt3765088,https://www.imdb.com/title/tt3765088/,Brazil
tt3397884,https://www.imdb.com/title/tt3397884/,Mexico
tt3397884,https://www.imdb.com/title/tt3397884/,Hong Kong
tt4172430,https://www.imdb.com/title/tt4172430/,Malta
tt4172430,https://www.imdb.com/title/tt4172430/,Morocco
tt6336270,https://www.imdb.com/title/tt6336270/,Spain
tt5723272,https://www.imdb.com/title/tt5723272/,Germany
tt5723272,https://www.imdb.com/title/tt5723272/,France
tt0361748,https://www.imdb.com/title/tt0361748/,Germany
tt0133093,https://www.imdb.com/title/tt0133093/,Australia
tt1343092,https://www.imdb.com/title/tt1343092/,Australia
tt7984766,https://www.imdb.com/title/tt7984766/,Hungary
tt7984766,https://www.imdb.com/title/tt7984766/,Australia
tt1670345,https://www.imdb.com/title/tt1670345/,France
tt1119646,https://www.imdb.com/title/tt1119646/,Germany
tt0453451,https://www.imdb.com/title/tt0453451/,France
tt0453451,https://www.imdb.com/title/tt0453451/,Germany
tt0090859,https://www.imdb.com/title/tt0090859/,Israel
tt0800320,https://www.imdb.com/title/tt0800320/,Australia
tt0330793,https://www.imdb.com/title/tt0330793/,Germany
tt0317919,https://www.imdb.com/title/tt0317919/,Germany
tt0317919,https://www.imdb.com/title/tt0317919/,China
tt0317919,https://www.imdb.com/title/tt0317919/,Italy
tt0172495,https://www.imdb.com/title/tt0172495/,Malta
tt0172495,https://www.imdb.com/title/tt0172495/,Morocco
tt0283111,https://www.imdb.com/title/tt0283111/,Germany
tt0366551,https://www.imdb.com/title/tt0366551/,Canada
tt0366551,https://www.imdb.com/title/tt0366551/,Germany
tt0232500,https://www.imdb.com/title/tt0232500/,Germany
tt0365830,https://www.imdb.com/title/tt0365830/,Germany
tt0245844,https://www.imdb.com/title/tt0245844/,Ireland
tt0245844,https://www.imdb.com/title/tt0245844/,Switzerland
tt0250223,https://www.imdb.com/title/tt0250223/,France
tt0250223,https://www.imdb.com/title/tt0250223/,Germany
tt0328828,https://www.imdb.com/title/tt0328828/,Germany
tt0120746,https://www.imdb.com/title/tt0120746/,Mexico
tt0120746,https://www.imdb.com/title/tt0120746/,Germany
tt1160419,https://www.imdb.com/title/tt1160419/,Canada
tt0162661,https://www.imdb.com/title/tt0162661/,Germany
tt0118789,https://www.imdb.com/title/tt0118789/,Canada
tt2720680,https://www.imdb.com/title/tt2720680/,Denmark
tt2720680,https://www.imdb.com/title/tt2720680/,South Africa
tt2720680,https://www.imdb.com/title/tt2720680/,Sweden
tt2720680,https://www.imdb.com/title/tt2720680/,Belgium
tt0332452,https://www.imdb.com/title/tt0332452/,Malta
tt0087843,https://www.imdb.com/title/tt0087843/,Italy
tt0118971,https://www.imdb.com/title/tt0118971/,Germany
tt0120338,https://www.imdb.com/title/tt0120338/,Mexico
tt0362165,https://www.imdb.com/title/tt0362165/,Germany
tt0290334,https://www.imdb.com/title/tt0290334/,Canada
tt0382625,https://www.imdb.com/title/tt0382625/,Malta
tt0382625,https://www.imdb.com/title/tt0382625/,France
tt10370710,https://www.imdb.com/title/tt10370710/,Norway
tt10370710,https://www.imdb.com/title/tt10370710/,France
tt10370710,https://www.imdb.com/title/tt10370710/,Sweden
tt10370710,https://www.imdb.com/title/tt10370710/,Denmark
tt7961060,https://www.imdb.com/title/tt7961060/,Japan
tt11138512,https://www.imdb.com/title/tt11138512/,China
tt2283336,https://www.imdb.com/title/tt2283336/,China
tt1131729,https://www.imdb.com/title/tt1131729/,France
tt1131729,https://www.imdb.com/title/tt1131729/,Germany
tt0110413,https://www.imdb.com/title/tt0110413/,France
tt8267604,https://www.imdb.com/title/tt8267604/,Lebanon
tt8267604,https://www.imdb.com/title/tt8267604/,France
tt8267604,https://www.imdb.com/title/tt8267604/,Cyprus
tt8267604,https://www.imdb.com/title/tt8267604/,Qatar
tt10648342,https://www.imdb.com/title/tt10648342/,Australia
tt0363163,https://www.imdb.com/title/tt0363163/,Germany
tt0363163,https://www.imdb.com/title/tt0363163/,Austria
tt0363163,https://www.imdb.com/title/tt0363163/,Italy
tt0861739,https://www.imdb.com/title/tt0861739/,Brazil
tt0861739,https://www.imdb.com/title/tt0861739/,Argentina
tt1555149,https://www.imdb.com/title/tt1555149/,Brazil
tt0197139,https://www.imdb.com/title/tt0197139/,Brazil
tt0335266,https://www.imdb.com/title/tt0335266/,Japan
tt1832382,https://www.imdb.com/title/tt1832382/,Iran
tt1832382,https://www.imdb.com/title/tt1832382/,France
tt1832382,https://www.imdb.com/title/tt1832382/,Australia
